{"type":"Design","zone":null,"children":[{"type":"Page","properties":{"id":"page1","background":"images/basin_bg.jpg"},"children":[{"type":"Header","zone":"top","properties":{"text":"Guest House","background":"images/perumahan-di-bandung-info-perumahan-baru-di-bandung-timur-2013-2.jpg"}},{"type":"Content","zone":"content","children":[{"type":"Text","properties":{"text":"Guest House Bandung","type":"h2"}},{"type":"Text","properties":{"text":"ekorasi minimal klasik menggarisbawahi titik bahwa Ariandri adalah wisma butik yang berbeda dari pengalaman hotel tradisional.   Lobi ditingkatkan dengan tampilan Harley Davidson vintage langka. Kedai kopi minimalis dan halaman luar adalah tempat yang sempurna untuk bersantai setelah Anda beraktivitas.  Ariandri Boutique Guesthouse terletak di Bandung, Jawa Barat, Indonesia.  Sebuah kota yang terkenal untuk surga belanja, tujuan kuliner, kafe terkenal, dan pariwisata factory outlet. Dekat juga dengan kawasan wisata Lembang, Tangkuban Perahu, air terjun Cibereum dan kota Bandung. Hanya 15 menit dari Bandara Hussein Sastranegara, dan 5 menit dari pintu keluar jalan tol Pasteur.  Dengan 21 kamar yang nyaman, fasilitas bagus, dan lokasi yang luar biasa dekat pintu masuk bandara dan tol, Ariandri adalah tempat yang sempurna untuk tinggal sementara Anda mengunjungi Bandung."}},{"type":"Image","properties":{"src":"images/17-581.jpg","align":"center","width":250,"height":250}}]},{"type":"Footer","zone":"bottom","properties":{"position":"fixed","text":"Guest House,Bandung, Pati","background":"images/Paparan2.jpg"},"children":[{"type":"Navbar","children":[{"type":"Button","properties":{"text":"Home","theme":"b","icon":"home"}},{"type":"Button","properties":{"text":"Menu","theme":"b","icon":"menu","target":"#menu"}},{"type":"Button","properties":{"text":"Info","theme":"b","icon":"info","target":"#info"}}]}]}]},{"type":"Page","properties":{"id":"menu","theme":"b","background":"images/basin_bg_phone.jpg"},"children":[{"type":"Header","zone":"top","properties":{"text":"Guest House","background":"images/perumahan-di-bandung-info-perumahan-baru-di-bandung-timur-2013-2.jpg"}},{"type":"Content","zone":"content","children":[{"type":"Text","properties":{"text":"Menu","type":"h2"}},{"type":"List","children":[{"type":"ListButton","properties":{"text":"Guest Rooms","target":"#rooms"}},{"type":"ListButton","properties":{"text":"Dining","target":"#dining"}},{"type":"ListButton","properties":{"text":"Garden","target":"#garden"}},{"type":"ListButton","properties":{"text":"Reservations","target":"#reservation"}}]}]},{"type":"Footer","zone":"bottom","properties":{"text":"Guest House,Bandung, Pati","position":"fixed","background":"images/Paparan2.jpg"},"children":[{"type":"Navbar","children":[{"type":"Button","properties":{"text":"Home","icon":"home","theme":"b","target":"#page1"}},{"type":"Button","properties":{"theme":"b","text":"Menu","icon":"menu","target":"#menu","transition":"slidedown"}},{"type":"Button","properties":{"text":"Info","icon":"info","theme":"b","target":"#info"}}]}]}]},{"type":"Page","properties":{"id":"dining","background":"images/IMG00315-20100603-0938.jpg"},"children":[{"type":"Header","zone":"top","properties":{"background":"images/perumahan-di-bandung-info-perumahan-baru-di-bandung-timur-2013-2.jpg","text":"Guest House"},"children":[{"type":"Button","zone":"left","properties":{"text":"Back","theme":"d","icon":"back","target":"#menu","transition":"flow"}}]},{"type":"Content","zone":"content","children":[{"type":"Text","properties":{"text":"Makanan KhasPati","type":"h2"}},{"type":"Text","properties":{"text":"Nasi Gandul adalah makanan khas dari pati. seperti nasi kuah guklai yang agak manis gurih... yang disajikan dipiring yang alas daun pisang, jadi konon itu sebabnya di sebut nasi gandul."}},{"type":"Image","properties":{"src":"images/nasi gandul.jpg","width":250,"height":250,"align":"center"}}]},{"type":"Footer","zone":"bottom","properties":{"position":"fixed","text":"Guest House, Bandung, Pati","background":"images/Paparan2.jpg"},"children":[{"type":"Navbar","children":[{"type":"Button","properties":{"text":"Home","target":"#page1","icon":"home","theme":"b"}},{"type":"Button","properties":{"icon":"menu","target":"#menu","text":"Mennu","theme":"b","transition":"pop"}},{"type":"Button","properties":{"text":"Info","icon":"info","theme":"b","target":"#info"}}]}]}]},{"type":"Page","properties":{"id":"garden"},"children":[{"type":"Header","zone":"top","properties":{"text":"Guest House","background":"images/perumahan-di-bandung-info-perumahan-baru-di-bandung-timur-2013-2.jpg"},"children":[{"type":"Button","zone":"left","properties":{"text":"Back","theme":"d","icon":"back","target":"#menu","transition":"flow"}}]},{"type":"Content","zone":"content","children":[{"type":"Text","properties":{"text":"Pemandangan Menarik","type":"h2"}},{"type":"Text","properties":{"text":"Gambar indah tentang pemandangan alam yang ada di dunia sudah banyak yang tersebar melalui jaringan internet.Entah bagaimana pembuatan Sang Pencipta membuat berbagai keindahan alam yang ada di dunia ini, tentu tak dapat dibayangkan oleh akal dan pikiran manusia.Namun tentu dari setiap keindahan alam kita harus mampu menjaga nya agar tetap indah dan nyaman agar tetap ditinggali dan dinikmati."}},{"type":"Image","properties":{"src":"images/tumpat-rumah-tepisawah.jpg","width":250,"height":250,"align":"center"}}]},{"type":"Footer","zone":"bottom","properties":{"position":"fixed","text":"Guest House,Bandung, Pati","background":"images/Paparan2.jpg"},"children":[{"type":"Navbar","children":[{"type":"Button","properties":{"text":"Home","icon":"home","theme":"b"}},{"type":"Button","properties":{"text":"Menu","target":"#menu","icon":"menu","theme":"b","transition":"pop"}},{"type":"Button","properties":{"text":"Info","icon":"info","theme":"b","target":"#info"}}]}]}]},{"type":"Page","properties":{"id":"rooms"},"children":[{"type":"Header","zone":"top","properties":{"text":"Guest House","background":"images/perumahan-di-bandung-info-perumahan-baru-di-bandung-timur-2013-2.jpg"},"children":[{"type":"Button","zone":"left","properties":{"text":"Back","target":"#menu","icon":"back","theme":"d","transition":"flow"}}]},{"type":"Content","zone":"content","children":[{"type":"Text","properties":{"text":"Ruangan ","type":"h2"}},{"type":"Text","properties":{"text":"Menjadi sebuah hal yang sangatlah wajar jika memang suatu saat nantinya kita kedatangan tamu ataupun sanak saudara dan juga teman yang datang berkunjung dan kemudian ingin tinggal sementara dan menginap. Jika memang hal ini sering terjadi, maka tidak ada salahnya bukan jika Anda menyediakan ataupun membuat kamar yang khusus untuk digunakan bagi tamu yang akan menginap tersebut.  Meskipun memang berupa kamar tidur seperti biasanya, tetapi pada saat membuat kamar inap bagi tamu ini juga ada beberapa hal yang diharuskan untuk Anda perhatikan. Yang terpenting adalah dalam satu sisi memang kita juga tetaplah harus memberikan ruang privasi bagi si tamu, namun di sisi yang lainnya juga haruslah tetap membuat sebuah sistem lainnya yang bisa memudahkan kita sebagai seorang pemilik rumah ini untuk bisa melakukan pengawasan bagi mereka yang menginap."}},{"type":"Image","properties":{"src":"images/cassadua-guest-house-bandung_140320120706280756.jpg","width":250,"height":250,"align":"center"}}]},{"type":"Footer","zone":"bottom","properties":{"text":"Guest House, Bandung, Pati","position":"fixed","background":"images/Paparan2.jpg"},"children":[{"type":"Navbar","children":[{"type":"Button","properties":{"text":"Home","target":"#page1","theme":"b","icon":"home"}},{"type":"Button","properties":{"icon":"menu","theme":"b","target":"#menu","text":"Menu","transition":"pop"}},{"type":"Button","properties":{"text":"Info","target":"#info","icon":"info","theme":"b"}}]}]}]},{"type":"Page","properties":{"id":"info","background":"images/20051014_32.jpg"},"children":[{"type":"Header","zone":"top","properties":{"text":"Guest House","background":"images/perumahan-di-bandung-info-perumahan-baru-di-bandung-timur-2013-2.jpg"}},{"type":"Content","zone":"content","children":[{"type":"Text","properties":{"text":"Information","type":"h2"}},{"type":"Text","properties":{"text":"Dibangun strategis di tengah kota Bandung, hotel bintang 4 dengan keanggunan utama sebuah lobi yang akan membawa Anda menuju 208 kamar tidur yang luas dan mewah di gedung sembilan lantai untuk memanjakan penginapan Anda. Untuk waktu berkualitas dengan keluarga Anda, Anda dapat menemukan Ride ATV, Elvis Walk, Flying Fox,  dan permainan Air Ball dekat Kolam renang berukuran Olimpiade, di mana tersedia juga kolam renang bayi dan Wave Poolto yang memberikan semangat berpetualang di luar hotel.  Anda juga dapat menikmati area kuliner sesuai selera Anda. Bergabunglah bersama kami, untuk saat-saat yang kekal, dengan sentuhan mewah. Karena di sini kami berkomitmen untuk kepuasan Anda. Sebuah hotel yang memberikan pemandangan dan pelayanan terbaik.","type":"label"}}]},{"type":"Footer","zone":"bottom","properties":{"position":"fixed","text":"Guest House, Bandung, Pati","background":"images/Paparan2.jpg"},"children":[{"type":"Navbar","children":[{"type":"Button","properties":{"text":"Home","target":"#page1","theme":"b","icon":"home"}},{"type":"Button","properties":{"icon":"menu","theme":"b","text":"Menu","target":"#menu","transition":"pop"}},{"type":"Button","properties":{"icon":"info","target":"#info","theme":"b"}}]}]}]},{"type":"Page","properties":{"id":"reservation"},"children":[{"type":"Header","zone":"top","properties":{"text":"Guest House","background":"images/perumahan-di-bandung-info-perumahan-baru-di-bandung-timur-2013-2.jpg"}},{"type":"Content","zone":"content","children":[{"type":"Form","children":[{"type":"Text","properties":{"text":"Order Ke Kami","type":"h2"}},{"type":"Text","properties":{"text":"Panggilan :"}},{"type":"SelectMenu","properties":{"options":{"type":"record-array","sortable":true,"recordType":{"text":"string","value":"string"},"children":[{"text":"Mrs.","value":"Value"}]},"inline":true}},{"type":"TextInput","properties":{"id":"text1","label":"Nama Depan :"}},{"type":"TextInput","properties":{"id":"text3","label":"Nama Keluarga :"}},{"type":"TextInput","properties":{"id":"text5","label":"Datang","value":"dd/mm/yy"}},{"type":"TextInput","properties":{"id":"text6","label":"Keluar","value":"dd/mm/yy"}},{"type":"Text","properties":{"text":"Tamu","type":"h2"}},{"type":"Slider","properties":{"id":"slider1","value":10,"label":"Dewasa","track_theme":"b"}},{"type":"Slider","properties":{"id":"slider2","label":"Anak - anak","value":15,"track_theme":"b"}}]},{"type":"Button","properties":{"text":"Cek Ketersediaan & Rates","inline":true}}]},{"type":"Footer","zone":"bottom","properties":{"position":"fixed","background":"images/Paparan2.jpg","text":"Guest House, Bandung, Pati"},"children":[{"type":"Navbar","children":[{"type":"Button","properties":{"text":"Home","target":"#page1","icon":"home","theme":"b"}},{"type":"Button","properties":{"theme":"b","text":"Menu","icon":"menu","target":"#menu","transition":"pop"}},{"type":"Button","properties":{"theme":"b","text":"Info","target":"#info","icon":"info"}}]}]}]}],"pInfo":{"name":"rib1","theme":"Default","accessDate":1420438350319,"device":{"name":"Phones","screenWidth":320,"screenHeight":480,"rotating":false}}}